<?xml version="1.0" encoding="UTF-8"?>
<xmi:XMI xmi:version="2.1" xmlns:xmi="http://schema.omg.org/spec/XMI/2.1" xmlns:xsi="http://www.w3.org/2001/XMLSchema-instance" xmlns:uml="http://www.eclipse.org/uml2/5.0.0/UML">
  <uml:Model xmi:id="_VKl84MzYEe6X3IVJgsPfYw" name="Entrega 1 Sistrans">
    <xmi:Extension extender="http://www.eclipse.org/emf/2002/Ecore">
      <eAnnotations xmi:id="_VKl84MzYEe6X3IVJgsPfYw0" source="genmymodel">
        <details xmi:id="_VKl84MzYEe6X3IVJgsPfYw00" key="uuid" value="_VKl84MzYEe6X3IVJgsPfYw"/>
        <details xmi:id="_VKl84MzYEe6X3IVJgsPfYw01" key="author" value="af.mendoza"/>
      </eAnnotations>
    </xmi:Extension>
    <packageImport xmi:id="_VKmj8MzYEe6X3IVJgsPfYw" importingNamespace="_VKl84MzYEe6X3IVJgsPfYw">
      <xmi:Extension extender="http://www.eclipse.org/emf/2002/Ecore">
        <eAnnotations xmi:id="_VKmj8MzYEe6X3IVJgsPfYw0" source="genmymodel">
          <details xmi:id="_VKmj8MzYEe6X3IVJgsPfYw00" key="uuid" value="_VKmj8MzYEe6X3IVJgsPfYw"/>
        </eAnnotations>
      </xmi:Extension>
      <importedPackage href="http://www.omg.org/spec/UML/20131001/PrimitiveTypes.xmi#/"/>
    </packageImport>
    <packagedElement xsi:type="uml:Class" xmi:id="_5drdsK8GEDyI5ut9WY5w5g" name="Usuario">
      <xmi:Extension extender="http://www.eclipse.org/emf/2002/Ecore">
        <eAnnotations xmi:id="_5drdsK8GEDyI5ut9WY5w5g0" source="genmymodel">
          <details xmi:id="_5drdsK8GEDyI5ut9WY5w5g00" key="uuid" value="_5drdsK8GEDyI5ut9WY5w5g"/>
        </eAnnotations>
      </xmi:Extension>
      <ownedAttribute xmi:id="_55yK4K8GEDyI5ut9WY5w5g" name="login" visibility="private">
        <xmi:Extension extender="http://www.eclipse.org/emf/2002/Ecore">
          <eAnnotations xmi:id="_55yK4K8GEDyI5ut9WY5w5g0" source="genmymodel">
            <details xmi:id="_55yK4K8GEDyI5ut9WY5w5g00" key="uuid" value="_55yK4K8GEDyI5ut9WY5w5g"/>
          </eAnnotations>
        </xmi:Extension>
        <type xsi:type="uml:PrimitiveType" href="http://www.omg.org/spec/UML/20131001/PrimitiveTypes.xmi#//String"/>
      </ownedAttribute>
      <ownedAttribute xmi:id="_6Qv5YK8GEDyI5ut9WY5w5g" name="clave" visibility="private">
        <xmi:Extension extender="http://www.eclipse.org/emf/2002/Ecore">
          <eAnnotations xmi:id="_6Qv5YK8GEDyI5ut9WY5w5g0" source="genmymodel">
            <details xmi:id="_6Qv5YK8GEDyI5ut9WY5w5g00" key="uuid" value="_6Qv5YK8GEDyI5ut9WY5w5g"/>
          </eAnnotations>
        </xmi:Extension>
        <type xsi:type="uml:PrimitiveType" href="http://www.omg.org/spec/UML/20131001/PrimitiveTypes.xmi#//String"/>
      </ownedAttribute>
      <ownedAttribute xmi:id="_djeDUK8LEDyI5ut9WY5w5g" name="tipoDocumento" visibility="private" type="_TPGRkLCtEDySHos9ZeTOqg">
        <xmi:Extension extender="http://www.eclipse.org/emf/2002/Ecore">
          <eAnnotations xmi:id="_djeDUK8LEDyI5ut9WY5w5g0" source="genmymodel">
            <details xmi:id="_djeDUK8LEDyI5ut9WY5w5g00" key="uuid" value="_djeDUK8LEDyI5ut9WY5w5g"/>
          </eAnnotations>
        </xmi:Extension>
      </ownedAttribute>
      <ownedAttribute xmi:id="_gPrK4K8LEDyI5ut9WY5w5g" name="numeroDocumento" visibility="private">
        <xmi:Extension extender="http://www.eclipse.org/emf/2002/Ecore">
          <eAnnotations xmi:id="_gPrK4K8LEDyI5ut9WY5w5g0" source="genmymodel">
            <details xmi:id="_gPrK4K8LEDyI5ut9WY5w5g00" key="uuid" value="_gPrK4K8LEDyI5ut9WY5w5g"/>
          </eAnnotations>
        </xmi:Extension>
        <type xsi:type="uml:PrimitiveType" href="http://www.omg.org/spec/UML/20131001/PrimitiveTypes.xmi#//Integer"/>
      </ownedAttribute>
      <ownedAttribute xmi:id="_kg9Z4K8LEDyI5ut9WY5w5g" name="nombre" visibility="private">
        <xmi:Extension extender="http://www.eclipse.org/emf/2002/Ecore">
          <eAnnotations xmi:id="_kg9Z4K8LEDyI5ut9WY5w5g0" source="genmymodel">
            <details xmi:id="_kg9Z4K8LEDyI5ut9WY5w5g00" key="uuid" value="_kg9Z4K8LEDyI5ut9WY5w5g"/>
          </eAnnotations>
        </xmi:Extension>
        <type xsi:type="uml:PrimitiveType" href="http://www.omg.org/spec/UML/20131001/PrimitiveTypes.xmi#//String"/>
      </ownedAttribute>
      <ownedAttribute xmi:id="_nTZsUK8LEDyI5ut9WY5w5g" name="nacionalidad" visibility="private">
        <xmi:Extension extender="http://www.eclipse.org/emf/2002/Ecore">
          <eAnnotations xmi:id="_nTZsUK8LEDyI5ut9WY5w5g0" source="genmymodel">
            <details xmi:id="_nTZsUK8LEDyI5ut9WY5w5g00" key="uuid" value="_nTZsUK8LEDyI5ut9WY5w5g"/>
          </eAnnotations>
        </xmi:Extension>
        <type xsi:type="uml:PrimitiveType" href="http://www.omg.org/spec/UML/20131001/PrimitiveTypes.xmi#//String"/>
      </ownedAttribute>
      <ownedAttribute xmi:id="_pic90K8LEDyI5ut9WY5w5g" name="direccionFisica" visibility="private">
        <xmi:Extension extender="http://www.eclipse.org/emf/2002/Ecore">
          <eAnnotations xmi:id="_pic90K8LEDyI5ut9WY5w5g0" source="genmymodel">
            <details xmi:id="_pic90K8LEDyI5ut9WY5w5g00" key="uuid" value="_pic90K8LEDyI5ut9WY5w5g"/>
          </eAnnotations>
        </xmi:Extension>
        <type xsi:type="uml:PrimitiveType" href="http://www.omg.org/spec/UML/20131001/PrimitiveTypes.xmi#//String"/>
      </ownedAttribute>
      <ownedAttribute xmi:id="_rIcEMK8LEDyI5ut9WY5w5g" name="direccionDigital" visibility="private">
        <xmi:Extension extender="http://www.eclipse.org/emf/2002/Ecore">
          <eAnnotations xmi:id="_rIcEMK8LEDyI5ut9WY5w5g0" source="genmymodel">
            <details xmi:id="_rIcEMK8LEDyI5ut9WY5w5g00" key="uuid" value="_rIcEMK8LEDyI5ut9WY5w5g"/>
          </eAnnotations>
        </xmi:Extension>
        <type xsi:type="uml:PrimitiveType" href="http://www.omg.org/spec/UML/20131001/PrimitiveTypes.xmi#//String"/>
      </ownedAttribute>
      <ownedAttribute xmi:id="_uXWQMK8LEDyI5ut9WY5w5g" name="telefono" visibility="private">
        <xmi:Extension extender="http://www.eclipse.org/emf/2002/Ecore">
          <eAnnotations xmi:id="_uXWQMK8LEDyI5ut9WY5w5g0" source="genmymodel">
            <details xmi:id="_uXWQMK8LEDyI5ut9WY5w5g00" key="uuid" value="_uXWQMK8LEDyI5ut9WY5w5g"/>
          </eAnnotations>
        </xmi:Extension>
        <type xsi:type="uml:PrimitiveType" href="http://www.omg.org/spec/UML/20131001/PrimitiveTypes.xmi#//Integer"/>
      </ownedAttribute>
      <ownedAttribute xmi:id="_xNRUcK8LEDyI5ut9WY5w5g" name="ciudad" visibility="private">
        <xmi:Extension extender="http://www.eclipse.org/emf/2002/Ecore">
          <eAnnotations xmi:id="_xNRUcK8LEDyI5ut9WY5w5g0" source="genmymodel">
            <details xmi:id="_xNRUcK8LEDyI5ut9WY5w5g00" key="uuid" value="_xNRUcK8LEDyI5ut9WY5w5g"/>
          </eAnnotations>
        </xmi:Extension>
        <type xsi:type="uml:PrimitiveType" href="http://www.omg.org/spec/UML/20131001/PrimitiveTypes.xmi#//String"/>
      </ownedAttribute>
      <ownedAttribute xmi:id="_yaQE8K8LEDyI5ut9WY5w5g" name="departamento" visibility="private">
        <xmi:Extension extender="http://www.eclipse.org/emf/2002/Ecore">
          <eAnnotations xmi:id="_yaQE8K8LEDyI5ut9WY5w5g0" source="genmymodel">
            <details xmi:id="_yaQE8K8LEDyI5ut9WY5w5g00" key="uuid" value="_yaQE8K8LEDyI5ut9WY5w5g"/>
          </eAnnotations>
        </xmi:Extension>
        <type xsi:type="uml:PrimitiveType" href="http://www.omg.org/spec/UML/20131001/PrimitiveTypes.xmi#//String"/>
      </ownedAttribute>
      <ownedAttribute xmi:id="_zrki4K8LEDyI5ut9WY5w5g" name="codigoPostal" visibility="private">
        <xmi:Extension extender="http://www.eclipse.org/emf/2002/Ecore">
          <eAnnotations xmi:id="_zrki4K8LEDyI5ut9WY5w5g0" source="genmymodel">
            <details xmi:id="_zrki4K8LEDyI5ut9WY5w5g00" key="uuid" value="_zrki4K8LEDyI5ut9WY5w5g"/>
          </eAnnotations>
        </xmi:Extension>
        <type xsi:type="uml:PrimitiveType" href="http://www.omg.org/spec/UML/20131001/PrimitiveTypes.xmi#//Integer"/>
      </ownedAttribute>
      <ownedAttribute xmi:id="_BttdYK8LEDyI5ut9WY5w5g" name="tipoUsuario" visibility="private" type="_81GmMLCrEDy4fKohTrmahA">
        <xmi:Extension extender="http://www.eclipse.org/emf/2002/Ecore">
          <eAnnotations xmi:id="_BttdYK8LEDyI5ut9WY5w5g0" source="genmymodel">
            <details xmi:id="_BttdYK8LEDyI5ut9WY5w5g00" key="uuid" value="_BttdYK8LEDyI5ut9WY5w5g"/>
          </eAnnotations>
        </xmi:Extension>
      </ownedAttribute>
    </packagedElement>
    <packagedElement xsi:type="uml:DataType" xmi:id="_GTDtUK8KEDyI5ut9WY5w5g" name="float">
      <xmi:Extension extender="http://www.eclipse.org/emf/2002/Ecore">
        <eAnnotations xmi:id="_GTDtUK8KEDyI5ut9WY5w5g0" source="genmymodel">
          <details xmi:id="_GTDtUK8KEDyI5ut9WY5w5g00" key="uuid" value="_GTDtUK8KEDyI5ut9WY5w5g"/>
        </eAnnotations>
      </xmi:Extension>
    </packagedElement>
    <packagedElement xsi:type="uml:DataType" xmi:id="_UKDSUK8KEDyI5ut9WY5w5g" name="Date">
      <xmi:Extension extender="http://www.eclipse.org/emf/2002/Ecore">
        <eAnnotations xmi:id="_UKDSUK8KEDyI5ut9WY5w5g0" source="genmymodel">
          <details xmi:id="_UKDSUK8KEDyI5ut9WY5w5g00" key="uuid" value="_UKDSUK8KEDyI5ut9WY5w5g"/>
        </eAnnotations>
      </xmi:Extension>
    </packagedElement>
    <packagedElement xsi:type="uml:DataType" xmi:id="_VBrd4K8KEDyI5ut9WY5w5g" name="Float">
      <xmi:Extension extender="http://www.eclipse.org/emf/2002/Ecore">
        <eAnnotations xmi:id="_VBrd4K8KEDyI5ut9WY5w5g0" source="genmymodel">
          <details xmi:id="_VBrd4K8KEDyI5ut9WY5w5g00" key="uuid" value="_VBrd4K8KEDyI5ut9WY5w5g"/>
        </eAnnotations>
      </xmi:Extension>
    </packagedElement>
    <packagedElement xsi:type="uml:Class" xmi:id="_sPnkIK8KEDyI5ut9WY5w5g" name="Prestamo">
      <xmi:Extension extender="http://www.eclipse.org/emf/2002/Ecore">
        <eAnnotations xmi:id="_sPnkIK8KEDyI5ut9WY5w5g0" source="genmymodel">
          <details xmi:id="_sPnkIK8KEDyI5ut9WY5w5g00" key="uuid" value="_sPnkIK8KEDyI5ut9WY5w5g"/>
        </eAnnotations>
      </xmi:Extension>
      <ownedAttribute xmi:id="_sPnkIa8KEDyI5ut9WY5w5g" name="valor" visibility="private" type="_VBrd4K8KEDyI5ut9WY5w5g">
        <xmi:Extension extender="http://www.eclipse.org/emf/2002/Ecore">
          <eAnnotations xmi:id="_sPnkIa8KEDyI5ut9WY5w5g0" source="genmymodel">
            <details xmi:id="_sPnkIa8KEDyI5ut9WY5w5g00" key="uuid" value="_sPnkIa8KEDyI5ut9WY5w5g"/>
          </eAnnotations>
        </xmi:Extension>
      </ownedAttribute>
      <ownedAttribute xmi:id="_sPnkIq8KEDyI5ut9WY5w5g" name="fecha" visibility="private" type="_UKDSUK8KEDyI5ut9WY5w5g">
        <xmi:Extension extender="http://www.eclipse.org/emf/2002/Ecore">
          <eAnnotations xmi:id="_sPnkIq8KEDyI5ut9WY5w5g0" source="genmymodel">
            <details xmi:id="_sPnkIq8KEDyI5ut9WY5w5g00" key="uuid" value="_sPnkIq8KEDyI5ut9WY5w5g"/>
          </eAnnotations>
        </xmi:Extension>
      </ownedAttribute>
      <ownedAttribute xmi:id="_sPnkI68KEDyI5ut9WY5w5g" name="pagado" visibility="private">
        <xmi:Extension extender="http://www.eclipse.org/emf/2002/Ecore">
          <eAnnotations xmi:id="_sPnkI68KEDyI5ut9WY5w5g0" source="genmymodel">
            <details xmi:id="_sPnkI68KEDyI5ut9WY5w5g00" key="uuid" value="_sPnkI68KEDyI5ut9WY5w5g"/>
          </eAnnotations>
        </xmi:Extension>
        <type xsi:type="uml:PrimitiveType" href="http://www.omg.org/spec/UML/20131001/PrimitiveTypes.xmi#//Boolean"/>
      </ownedAttribute>
      <ownedAttribute xmi:id="_kakBgK8MEDyI5ut9WY5w5g" name="estado" visibility="private" type="_HfW3gLCuEDySHos9ZeTOqg">
        <xmi:Extension extender="http://www.eclipse.org/emf/2002/Ecore">
          <eAnnotations xmi:id="_kakBgK8MEDyI5ut9WY5w5g0" source="genmymodel">
            <details xmi:id="_kakBgK8MEDyI5ut9WY5w5g00" key="uuid" value="_kakBgK8MEDyI5ut9WY5w5g"/>
          </eAnnotations>
        </xmi:Extension>
      </ownedAttribute>
      <ownedAttribute xmi:id="_UqPt0LCVEDyvOKqup-Hzyw" name="tipoPrestamo" visibility="private" type="_OpnewLCuEDySHos9ZeTOqg">
        <xmi:Extension extender="http://www.eclipse.org/emf/2002/Ecore">
          <eAnnotations xmi:id="_UqPt0LCVEDyvOKqup-Hzyw0" source="genmymodel">
            <details xmi:id="_UqPt0LCVEDyvOKqup-Hzyw00" key="uuid" value="_UqPt0LCVEDyvOKqup-Hzyw"/>
          </eAnnotations>
        </xmi:Extension>
      </ownedAttribute>
      <ownedAttribute xmi:id="_2a3w4LCvEDySHos9ZeTOqg" name="idPrestamo" visibility="private">
        <xmi:Extension extender="http://www.eclipse.org/emf/2002/Ecore">
          <eAnnotations xmi:id="_2a3w4LCvEDySHos9ZeTOqg0" source="genmymodel">
            <details xmi:id="_2a3w4LCvEDySHos9ZeTOqg00" key="uuid" value="_2a3w4LCvEDySHos9ZeTOqg"/>
          </eAnnotations>
        </xmi:Extension>
        <type xsi:type="uml:PrimitiveType" href="http://www.omg.org/spec/UML/20131001/PrimitiveTypes.xmi#//Integer"/>
      </ownedAttribute>
    </packagedElement>
    <packagedElement xsi:type="uml:EnumerationLiteral" xmi:id="_RQWr4K8LEDyI5ut9WY5w5g" name="cliente">
      <xmi:Extension extender="http://www.eclipse.org/emf/2002/Ecore">
        <eAnnotations xmi:id="_RQWr4K8LEDyI5ut9WY5w5g0" source="genmymodel">
          <details xmi:id="_RQWr4K8LEDyI5ut9WY5w5g00" key="uuid" value="_RQWr4K8LEDyI5ut9WY5w5g"/>
        </eAnnotations>
      </xmi:Extension>
    </packagedElement>
    <packagedElement xsi:type="uml:Class" xmi:id="_8Tl2kLCVEDyvOKqup-Hzyw" name="Cuenta">
      <xmi:Extension extender="http://www.eclipse.org/emf/2002/Ecore">
        <eAnnotations xmi:id="_8Tl2kLCVEDyvOKqup-Hzyw0" source="genmymodel">
          <details xmi:id="_8Tl2kLCVEDyvOKqup-Hzyw00" key="uuid" value="_8Tl2kLCVEDyvOKqup-Hzyw"/>
        </eAnnotations>
      </xmi:Extension>
      <ownedAttribute xmi:id="_8vyVYK8LEDyI5ut9WY5w5g" name="tipoCuenta" visibility="private" type="_n4k3ALCtEDySHos9ZeTOqg">
        <xmi:Extension extender="http://www.eclipse.org/emf/2002/Ecore">
          <eAnnotations xmi:id="_8vyVYK8LEDyI5ut9WY5w5g0" source="genmymodel">
            <details xmi:id="_8vyVYK8LEDyI5ut9WY5w5g00" key="uuid" value="_8vyVYK8LEDyI5ut9WY5w5g"/>
          </eAnnotations>
        </xmi:Extension>
      </ownedAttribute>
      <ownedAttribute xmi:id="_MkWaUK8MEDyI5ut9WY5w5g" name="estadoCuenta" visibility="private" type="_7aVmcLCtEDySHos9ZeTOqg">
        <xmi:Extension extender="http://www.eclipse.org/emf/2002/Ecore">
          <eAnnotations xmi:id="_MkWaUK8MEDyI5ut9WY5w5g0" source="genmymodel">
            <details xmi:id="_MkWaUK8MEDyI5ut9WY5w5g00" key="uuid" value="_MkWaUK8MEDyI5ut9WY5w5g"/>
          </eAnnotations>
        </xmi:Extension>
      </ownedAttribute>
      <ownedAttribute xmi:id="_oljm4LCvEDySHos9ZeTOqg" name="valor" visibility="private" type="_VBrd4K8KEDyI5ut9WY5w5g">
        <xmi:Extension extender="http://www.eclipse.org/emf/2002/Ecore">
          <eAnnotations xmi:id="_oljm4LCvEDySHos9ZeTOqg0" source="genmymodel">
            <details xmi:id="_oljm4LCvEDySHos9ZeTOqg00" key="uuid" value="_oljm4LCvEDySHos9ZeTOqg"/>
          </eAnnotations>
        </xmi:Extension>
      </ownedAttribute>
      <ownedAttribute xmi:id="_ueX0YLCvEDySHos9ZeTOqg" name="idCuenta" visibility="private">
        <xmi:Extension extender="http://www.eclipse.org/emf/2002/Ecore">
          <eAnnotations xmi:id="_ueX0YLCvEDySHos9ZeTOqg0" source="genmymodel">
            <details xmi:id="_ueX0YLCvEDySHos9ZeTOqg00" key="uuid" value="_ueX0YLCvEDySHos9ZeTOqg"/>
          </eAnnotations>
        </xmi:Extension>
        <type xsi:type="uml:PrimitiveType" href="http://www.omg.org/spec/UML/20131001/PrimitiveTypes.xmi#//Integer"/>
      </ownedAttribute>
    </packagedElement>
    <packagedElement xsi:type="uml:Association" xmi:id="_WhBz0LCWEDyvOKqup-Hzyw" name="Usuario_Cuenta" memberEnd="_Whpe4LCWEDyvOKqup-Hzyw _Whpe47CWEDyvOKqup-Hzyw" navigableOwnedEnd="_Whpe4LCWEDyvOKqup-Hzyw _Whpe47CWEDyvOKqup-Hzyw">
      <xmi:Extension extender="http://www.eclipse.org/emf/2002/Ecore">
        <eAnnotations xmi:id="_WhBz0LCWEDyvOKqup-Hzyw0" source="genmymodel">
          <details xmi:id="_WhBz0LCWEDyvOKqup-Hzyw00" key="uuid" value="_WhBz0LCWEDyvOKqup-Hzyw"/>
        </eAnnotations>
      </xmi:Extension>
      <ownedEnd xmi:id="_Whpe4LCWEDyvOKqup-Hzyw" name="usuario" type="_5drdsK8GEDyI5ut9WY5w5g" owningAssociation="_WhBz0LCWEDyvOKqup-Hzyw" association="_WhBz0LCWEDyvOKqup-Hzyw">
        <xmi:Extension extender="http://www.eclipse.org/emf/2002/Ecore">
          <eAnnotations xmi:id="_Whpe4LCWEDyvOKqup-Hzyw0" source="genmymodel">
            <details xmi:id="_Whpe4LCWEDyvOKqup-Hzyw00" key="uuid" value="_Whpe4LCWEDyvOKqup-Hzyw"/>
          </eAnnotations>
        </xmi:Extension>
        <lowerValue xsi:type="uml:LiteralInteger" xmi:id="_Whpe4bCWEDyvOKqup-Hzyw" value="1">
          <xmi:Extension extender="http://www.eclipse.org/emf/2002/Ecore">
            <eAnnotations xmi:id="_Whpe4bCWEDyvOKqup-Hzyw0" source="genmymodel">
              <details xmi:id="_Whpe4bCWEDyvOKqup-Hzyw00" key="uuid" value="_Whpe4bCWEDyvOKqup-Hzyw"/>
            </eAnnotations>
          </xmi:Extension>
        </lowerValue>
        <upperValue xsi:type="uml:LiteralUnlimitedNatural" xmi:id="_ZQSPYLCWEDyvOKqup-Hzyw" value="1">
          <xmi:Extension extender="http://www.eclipse.org/emf/2002/Ecore">
            <eAnnotations xmi:id="_ZQSPYLCWEDyvOKqup-Hzyw0" source="genmymodel">
              <details xmi:id="_ZQSPYLCWEDyvOKqup-Hzyw00" key="uuid" value="_ZQSPYLCWEDyvOKqup-Hzyw"/>
            </eAnnotations>
          </xmi:Extension>
        </upperValue>
      </ownedEnd>
      <ownedEnd xmi:id="_Whpe47CWEDyvOKqup-Hzyw" name="cuenta" type="_8Tl2kLCVEDyvOKqup-Hzyw" owningAssociation="_WhBz0LCWEDyvOKqup-Hzyw" association="_WhBz0LCWEDyvOKqup-Hzyw">
        <xmi:Extension extender="http://www.eclipse.org/emf/2002/Ecore">
          <eAnnotations xmi:id="_Whpe47CWEDyvOKqup-Hzyw0" source="genmymodel">
            <details xmi:id="_Whpe47CWEDyvOKqup-Hzyw00" key="uuid" value="_Whpe47CWEDyvOKqup-Hzyw"/>
          </eAnnotations>
        </xmi:Extension>
        <lowerValue xsi:type="uml:LiteralInteger" xmi:id="_Whpe5LCWEDyvOKqup-Hzyw">
          <xmi:Extension extender="http://www.eclipse.org/emf/2002/Ecore">
            <eAnnotations xmi:id="_Whpe5LCWEDyvOKqup-Hzyw0" source="genmymodel">
              <details xmi:id="_Whpe5LCWEDyvOKqup-Hzyw00" key="uuid" value="_Whpe5LCWEDyvOKqup-Hzyw"/>
            </eAnnotations>
          </xmi:Extension>
        </lowerValue>
        <upperValue xsi:type="uml:LiteralUnlimitedNatural" xmi:id="_Yc-jILCWEDyvOKqup-Hzyw" value="*">
          <xmi:Extension extender="http://www.eclipse.org/emf/2002/Ecore">
            <eAnnotations xmi:id="_Yc-jILCWEDyvOKqup-Hzyw0" source="genmymodel">
              <details xmi:id="_Yc-jILCWEDyvOKqup-Hzyw00" key="uuid" value="_Yc-jILCWEDyvOKqup-Hzyw"/>
            </eAnnotations>
          </xmi:Extension>
        </upperValue>
      </ownedEnd>
    </packagedElement>
    <packagedElement xsi:type="uml:Association" xmi:id="_h_k6wLCWEDyvOKqup-Hzyw" name="Usuario_Prestamos" memberEnd="_iANM4LCWEDyvOKqup-Hzyw _iANz8rCWEDyvOKqup-Hzyw" navigableOwnedEnd="_iANM4LCWEDyvOKqup-Hzyw _iANz8rCWEDyvOKqup-Hzyw">
      <xmi:Extension extender="http://www.eclipse.org/emf/2002/Ecore">
        <eAnnotations xmi:id="_h_k6wLCWEDyvOKqup-Hzyw0" source="genmymodel">
          <details xmi:id="_h_k6wLCWEDyvOKqup-Hzyw00" key="uuid" value="_h_k6wLCWEDyvOKqup-Hzyw"/>
        </eAnnotations>
      </xmi:Extension>
      <ownedEnd xmi:id="_iANM4LCWEDyvOKqup-Hzyw" name="usuario" type="_5drdsK8GEDyI5ut9WY5w5g" owningAssociation="_h_k6wLCWEDyvOKqup-Hzyw" association="_h_k6wLCWEDyvOKqup-Hzyw">
        <xmi:Extension extender="http://www.eclipse.org/emf/2002/Ecore">
          <eAnnotations xmi:id="_iANM4LCWEDyvOKqup-Hzyw0" source="genmymodel">
            <details xmi:id="_iANM4LCWEDyvOKqup-Hzyw00" key="uuid" value="_iANM4LCWEDyvOKqup-Hzyw"/>
          </eAnnotations>
        </xmi:Extension>
        <lowerValue xsi:type="uml:LiteralInteger" xmi:id="_iANz8LCWEDyvOKqup-Hzyw" value="1">
          <xmi:Extension extender="http://www.eclipse.org/emf/2002/Ecore">
            <eAnnotations xmi:id="_iANz8LCWEDyvOKqup-Hzyw0" source="genmymodel">
              <details xmi:id="_iANz8LCWEDyvOKqup-Hzyw00" key="uuid" value="_iANz8LCWEDyvOKqup-Hzyw"/>
            </eAnnotations>
          </xmi:Extension>
        </lowerValue>
        <upperValue xsi:type="uml:LiteralUnlimitedNatural" xmi:id="_lBksILCWEDyvOKqup-Hzyw" value="1">
          <xmi:Extension extender="http://www.eclipse.org/emf/2002/Ecore">
            <eAnnotations xmi:id="_lBksILCWEDyvOKqup-Hzyw0" source="genmymodel">
              <details xmi:id="_lBksILCWEDyvOKqup-Hzyw00" key="uuid" value="_lBksILCWEDyvOKqup-Hzyw"/>
            </eAnnotations>
          </xmi:Extension>
        </upperValue>
      </ownedEnd>
      <ownedEnd xmi:id="_iANz8rCWEDyvOKqup-Hzyw" name="prestamos" type="_sPnkIK8KEDyI5ut9WY5w5g" owningAssociation="_h_k6wLCWEDyvOKqup-Hzyw" association="_h_k6wLCWEDyvOKqup-Hzyw">
        <xmi:Extension extender="http://www.eclipse.org/emf/2002/Ecore">
          <eAnnotations xmi:id="_iANz8rCWEDyvOKqup-Hzyw0" source="genmymodel">
            <details xmi:id="_iANz8rCWEDyvOKqup-Hzyw00" key="uuid" value="_iANz8rCWEDyvOKqup-Hzyw"/>
          </eAnnotations>
        </xmi:Extension>
        <lowerValue xsi:type="uml:LiteralInteger" xmi:id="_iANz87CWEDyvOKqup-Hzyw">
          <xmi:Extension extender="http://www.eclipse.org/emf/2002/Ecore">
            <eAnnotations xmi:id="_iANz87CWEDyvOKqup-Hzyw0" source="genmymodel">
              <details xmi:id="_iANz87CWEDyvOKqup-Hzyw00" key="uuid" value="_iANz87CWEDyvOKqup-Hzyw"/>
            </eAnnotations>
          </xmi:Extension>
        </lowerValue>
        <upperValue xsi:type="uml:LiteralUnlimitedNatural" xmi:id="_jCDrcLCWEDyvOKqup-Hzyw" value="*">
          <xmi:Extension extender="http://www.eclipse.org/emf/2002/Ecore">
            <eAnnotations xmi:id="_jCDrcLCWEDyvOKqup-Hzyw0" source="genmymodel">
              <details xmi:id="_jCDrcLCWEDyvOKqup-Hzyw00" key="uuid" value="_jCDrcLCWEDyvOKqup-Hzyw"/>
            </eAnnotations>
          </xmi:Extension>
        </upperValue>
      </ownedEnd>
    </packagedElement>
    <packagedElement xsi:type="uml:Association" xmi:id="_pplZELCWEDyvOKqup-Hzyw" name="Usuario_Usuario" memberEnd="_pq3LcLCWEDyvOKqup-Hzyw _pq3ygrCWEDyvOKqup-Hzyw" navigableOwnedEnd="_pq3LcLCWEDyvOKqup-Hzyw _pq3ygrCWEDyvOKqup-Hzyw">
      <xmi:Extension extender="http://www.eclipse.org/emf/2002/Ecore">
        <eAnnotations xmi:id="_pplZELCWEDyvOKqup-Hzyw0" source="genmymodel">
          <details xmi:id="_pplZELCWEDyvOKqup-Hzyw00" key="uuid" value="_pplZELCWEDyvOKqup-Hzyw"/>
        </eAnnotations>
      </xmi:Extension>
      <ownedEnd xmi:id="_pq3LcLCWEDyvOKqup-Hzyw" name="Empleado" type="_5drdsK8GEDyI5ut9WY5w5g" owningAssociation="_pplZELCWEDyvOKqup-Hzyw" association="_pplZELCWEDyvOKqup-Hzyw">
        <xmi:Extension extender="http://www.eclipse.org/emf/2002/Ecore">
          <eAnnotations xmi:id="_pq3LcLCWEDyvOKqup-Hzyw0" source="genmymodel">
            <details xmi:id="_pq3LcLCWEDyvOKqup-Hzyw00" key="uuid" value="_pq3LcLCWEDyvOKqup-Hzyw"/>
          </eAnnotations>
        </xmi:Extension>
        <lowerValue xsi:type="uml:LiteralInteger" xmi:id="_pq3ygLCWEDyvOKqup-Hzyw">
          <xmi:Extension extender="http://www.eclipse.org/emf/2002/Ecore">
            <eAnnotations xmi:id="_pq3ygLCWEDyvOKqup-Hzyw0" source="genmymodel">
              <details xmi:id="_pq3ygLCWEDyvOKqup-Hzyw00" key="uuid" value="_pq3ygLCWEDyvOKqup-Hzyw"/>
            </eAnnotations>
          </xmi:Extension>
        </lowerValue>
        <upperValue xsi:type="uml:LiteralUnlimitedNatural" xmi:id="_bCNqkLCXEDyhQpn8eaiPbA" value="*">
          <xmi:Extension extender="http://www.eclipse.org/emf/2002/Ecore">
            <eAnnotations xmi:id="_bCNqkLCXEDyhQpn8eaiPbA0" source="genmymodel">
              <details xmi:id="_bCNqkLCXEDyhQpn8eaiPbA00" key="uuid" value="_bCNqkLCXEDyhQpn8eaiPbA"/>
            </eAnnotations>
          </xmi:Extension>
        </upperValue>
      </ownedEnd>
      <ownedEnd xmi:id="_pq3ygrCWEDyvOKqup-Hzyw" name="Cliente" type="_5drdsK8GEDyI5ut9WY5w5g" owningAssociation="_pplZELCWEDyvOKqup-Hzyw" association="_pplZELCWEDyvOKqup-Hzyw">
        <xmi:Extension extender="http://www.eclipse.org/emf/2002/Ecore">
          <eAnnotations xmi:id="_pq3ygrCWEDyvOKqup-Hzyw0" source="genmymodel">
            <details xmi:id="_pq3ygrCWEDyvOKqup-Hzyw00" key="uuid" value="_pq3ygrCWEDyvOKqup-Hzyw"/>
          </eAnnotations>
        </xmi:Extension>
        <lowerValue xsi:type="uml:LiteralInteger" xmi:id="_pq3yg7CWEDyvOKqup-Hzyw">
          <xmi:Extension extender="http://www.eclipse.org/emf/2002/Ecore">
            <eAnnotations xmi:id="_pq3yg7CWEDyvOKqup-Hzyw0" source="genmymodel">
              <details xmi:id="_pq3yg7CWEDyvOKqup-Hzyw00" key="uuid" value="_pq3yg7CWEDyvOKqup-Hzyw"/>
            </eAnnotations>
          </xmi:Extension>
        </lowerValue>
        <upperValue xsi:type="uml:LiteralUnlimitedNatural" xmi:id="_b_FigLCXEDyhQpn8eaiPbA" value="*">
          <xmi:Extension extender="http://www.eclipse.org/emf/2002/Ecore">
            <eAnnotations xmi:id="_b_FigLCXEDyhQpn8eaiPbA0" source="genmymodel">
              <details xmi:id="_b_FigLCXEDyhQpn8eaiPbA00" key="uuid" value="_b_FigLCXEDyhQpn8eaiPbA"/>
            </eAnnotations>
          </xmi:Extension>
        </upperValue>
      </ownedEnd>
    </packagedElement>
    <packagedElement xsi:type="uml:Class" xmi:id="_t-3h0LCXEDyhQpn8eaiPbA" name="Transaccion">
      <xmi:Extension extender="http://www.eclipse.org/emf/2002/Ecore">
        <eAnnotations xmi:id="_t-3h0LCXEDyhQpn8eaiPbA0" source="genmymodel">
          <details xmi:id="_t-3h0LCXEDyhQpn8eaiPbA00" key="uuid" value="_t-3h0LCXEDyhQpn8eaiPbA"/>
        </eAnnotations>
      </xmi:Extension>
      <ownedAttribute xmi:id="_vUpB8LCXEDyhQpn8eaiPbA" name="tipoOperacion" visibility="private" type="_Y27nULCuEDySHos9ZeTOqg">
        <xmi:Extension extender="http://www.eclipse.org/emf/2002/Ecore">
          <eAnnotations xmi:id="_vUpB8LCXEDyhQpn8eaiPbA0" source="genmymodel">
            <details xmi:id="_vUpB8LCXEDyhQpn8eaiPbA00" key="uuid" value="_vUpB8LCXEDyhQpn8eaiPbA"/>
          </eAnnotations>
        </xmi:Extension>
      </ownedAttribute>
      <ownedAttribute xmi:id="_vhGJkLCXEDyhQpn8eaiPbA" name="producto" visibility="private">
        <xmi:Extension extender="http://www.eclipse.org/emf/2002/Ecore">
          <eAnnotations xmi:id="_vhGJkLCXEDyhQpn8eaiPbA0" source="genmymodel">
            <details xmi:id="_vhGJkLCXEDyhQpn8eaiPbA00" key="uuid" value="_vhGJkLCXEDyhQpn8eaiPbA"/>
          </eAnnotations>
        </xmi:Extension>
        <type xsi:type="uml:PrimitiveType" href="http://www.omg.org/spec/UML/20131001/PrimitiveTypes.xmi#//String"/>
      </ownedAttribute>
      <ownedAttribute xmi:id="_vqq8ULCXEDyhQpn8eaiPbA" name="valor" visibility="private" type="_VBrd4K8KEDyI5ut9WY5w5g">
        <xmi:Extension extender="http://www.eclipse.org/emf/2002/Ecore">
          <eAnnotations xmi:id="_vqq8ULCXEDyhQpn8eaiPbA0" source="genmymodel">
            <details xmi:id="_vqq8ULCXEDyhQpn8eaiPbA00" key="uuid" value="_vqq8ULCXEDyhQpn8eaiPbA"/>
          </eAnnotations>
        </xmi:Extension>
      </ownedAttribute>
      <ownedAttribute xmi:id="_4i79gLCXEDyhQpn8eaiPbA" name="hora" visibility="private">
        <xmi:Extension extender="http://www.eclipse.org/emf/2002/Ecore">
          <eAnnotations xmi:id="_4i79gLCXEDyhQpn8eaiPbA0" source="genmymodel">
            <details xmi:id="_4i79gLCXEDyhQpn8eaiPbA00" key="uuid" value="_4i79gLCXEDyhQpn8eaiPbA"/>
          </eAnnotations>
        </xmi:Extension>
        <type xsi:type="uml:PrimitiveType" href="http://www.omg.org/spec/UML/20131001/PrimitiveTypes.xmi#//Integer"/>
      </ownedAttribute>
      <ownedAttribute xmi:id="_4nPOsLCXEDyhQpn8eaiPbA" name="fecha" visibility="private" type="_UKDSUK8KEDyI5ut9WY5w5g">
        <xmi:Extension extender="http://www.eclipse.org/emf/2002/Ecore">
          <eAnnotations xmi:id="_4nPOsLCXEDyhQpn8eaiPbA0" source="genmymodel">
            <details xmi:id="_4nPOsLCXEDyhQpn8eaiPbA00" key="uuid" value="_4nPOsLCXEDyhQpn8eaiPbA"/>
          </eAnnotations>
        </xmi:Extension>
      </ownedAttribute>
      <ownedAttribute xmi:id="_B1DxsLCvEDySHos9ZeTOqg" name="estado" visibility="private">
        <xmi:Extension extender="http://www.eclipse.org/emf/2002/Ecore">
          <eAnnotations xmi:id="_B1DxsLCvEDySHos9ZeTOqg0" source="genmymodel">
            <details xmi:id="_B1DxsLCvEDySHos9ZeTOqg00" key="uuid" value="_B1DxsLCvEDySHos9ZeTOqg"/>
          </eAnnotations>
        </xmi:Extension>
        <type xsi:type="uml:PrimitiveType" href="http://www.omg.org/spec/UML/20131001/PrimitiveTypes.xmi#//Boolean"/>
      </ownedAttribute>
      <ownedAttribute xmi:id="_Gr-1ALEKEDyJ2sAiNgvCdw" name="IdTransaccion" visibility="private">
        <xmi:Extension extender="http://www.eclipse.org/emf/2002/Ecore">
          <eAnnotations xmi:id="_Gr-1ALEKEDyJ2sAiNgvCdw0" source="genmymodel">
            <details xmi:id="_Gr-1ALEKEDyJ2sAiNgvCdw00" key="uuid" value="_Gr-1ALEKEDyJ2sAiNgvCdw"/>
          </eAnnotations>
        </xmi:Extension>
        <type xsi:type="uml:PrimitiveType" href="http://www.omg.org/spec/UML/20131001/PrimitiveTypes.xmi#//Integer"/>
      </ownedAttribute>
    </packagedElement>
    <packagedElement xsi:type="uml:Class" xmi:id="_Fkbd4LCYEDyhQpn8eaiPbA" name="PuntosDeAtencion">
      <xmi:Extension extender="http://www.eclipse.org/emf/2002/Ecore">
        <eAnnotations xmi:id="_Fkbd4LCYEDyhQpn8eaiPbA0" source="genmymodel">
          <details xmi:id="_Fkbd4LCYEDyhQpn8eaiPbA00" key="uuid" value="_Fkbd4LCYEDyhQpn8eaiPbA"/>
        </eAnnotations>
      </xmi:Extension>
      <ownedAttribute xmi:id="_JqIH8LCYEDyhQpn8eaiPbA" name="nombre" visibility="private">
        <xmi:Extension extender="http://www.eclipse.org/emf/2002/Ecore">
          <eAnnotations xmi:id="_JqIH8LCYEDyhQpn8eaiPbA0" source="genmymodel">
            <details xmi:id="_JqIH8LCYEDyhQpn8eaiPbA00" key="uuid" value="_JqIH8LCYEDyhQpn8eaiPbA"/>
          </eAnnotations>
        </xmi:Extension>
        <type xsi:type="uml:PrimitiveType" href="http://www.omg.org/spec/UML/20131001/PrimitiveTypes.xmi#//String"/>
      </ownedAttribute>
      <ownedAttribute xmi:id="_OWGu4LCYEDyhQpn8eaiPbA" name="tipo" visibility="private">
        <xmi:Extension extender="http://www.eclipse.org/emf/2002/Ecore">
          <eAnnotations xmi:id="_OWGu4LCYEDyhQpn8eaiPbA0" source="genmymodel">
            <details xmi:id="_OWGu4LCYEDyhQpn8eaiPbA00" key="uuid" value="_OWGu4LCYEDyhQpn8eaiPbA"/>
          </eAnnotations>
        </xmi:Extension>
        <type xsi:type="uml:PrimitiveType" href="http://www.omg.org/spec/UML/20131001/PrimitiveTypes.xmi#//String"/>
      </ownedAttribute>
      <ownedAttribute xmi:id="_5nIRgLCvEDySHos9ZeTOqg" name="idPuntosAtencion" visibility="private">
        <xmi:Extension extender="http://www.eclipse.org/emf/2002/Ecore">
          <eAnnotations xmi:id="_5nIRgLCvEDySHos9ZeTOqg0" source="genmymodel">
            <details xmi:id="_5nIRgLCvEDySHos9ZeTOqg00" key="uuid" value="_5nIRgLCvEDySHos9ZeTOqg"/>
          </eAnnotations>
        </xmi:Extension>
        <type xsi:type="uml:PrimitiveType" href="http://www.omg.org/spec/UML/20131001/PrimitiveTypes.xmi#//Integer"/>
      </ownedAttribute>
      <ownedAttribute xmi:id="_VvtQULCxEDye-8cdKelcrw" name="locacion" visibility="private">
        <xmi:Extension extender="http://www.eclipse.org/emf/2002/Ecore">
          <eAnnotations xmi:id="_VvtQULCxEDye-8cdKelcrw0" source="genmymodel">
            <details xmi:id="_VvtQULCxEDye-8cdKelcrw00" key="uuid" value="_VvtQULCxEDye-8cdKelcrw"/>
          </eAnnotations>
        </xmi:Extension>
        <type xsi:type="uml:PrimitiveType" href="http://www.omg.org/spec/UML/20131001/PrimitiveTypes.xmi#//String"/>
      </ownedAttribute>
    </packagedElement>
    <packagedElement xsi:type="uml:Enumeration" xmi:id="_81GmMLCrEDy4fKohTrmahA" name="TipoUsuario">
      <xmi:Extension extender="http://www.eclipse.org/emf/2002/Ecore">
        <eAnnotations xmi:id="_81GmMLCrEDy4fKohTrmahA0" source="genmymodel">
          <details xmi:id="_81GmMLCrEDy4fKohTrmahA00" key="uuid" value="_81GmMLCrEDy4fKohTrmahA"/>
        </eAnnotations>
      </xmi:Extension>
      <ownedLiteral xmi:id="_gDdKULCsEDySHos9ZeTOqg" name="CLIENTENATURAL" enumeration="_81GmMLCrEDy4fKohTrmahA">
        <xmi:Extension extender="http://www.eclipse.org/emf/2002/Ecore">
          <eAnnotations xmi:id="_gDdKULCsEDySHos9ZeTOqg0" source="genmymodel">
            <details xmi:id="_gDdKULCsEDySHos9ZeTOqg00" key="uuid" value="_gDdKULCsEDySHos9ZeTOqg"/>
          </eAnnotations>
        </xmi:Extension>
      </ownedLiteral>
      <ownedLiteral xmi:id="_gGyyMLCsEDySHos9ZeTOqg" name="CLIENTEJURIDICO" enumeration="_81GmMLCrEDy4fKohTrmahA">
        <xmi:Extension extender="http://www.eclipse.org/emf/2002/Ecore">
          <eAnnotations xmi:id="_gGyyMLCsEDySHos9ZeTOqg0" source="genmymodel">
            <details xmi:id="_gGyyMLCsEDySHos9ZeTOqg00" key="uuid" value="_gGyyMLCsEDySHos9ZeTOqg"/>
          </eAnnotations>
        </xmi:Extension>
      </ownedLiteral>
      <ownedLiteral xmi:id="_TquTELCsEDySHos9ZeTOqg" name="CAJERO" enumeration="_81GmMLCrEDy4fKohTrmahA">
        <xmi:Extension extender="http://www.eclipse.org/emf/2002/Ecore">
          <eAnnotations xmi:id="_TquTELCsEDySHos9ZeTOqg0" source="genmymodel">
            <details xmi:id="_TquTELCsEDySHos9ZeTOqg00" key="uuid" value="_TquTELCsEDySHos9ZeTOqg"/>
          </eAnnotations>
        </xmi:Extension>
      </ownedLiteral>
      <ownedLiteral xmi:id="_-YvtwLCsEDySHos9ZeTOqg" name="GERENTEDEOFICINA" enumeration="_81GmMLCrEDy4fKohTrmahA">
        <xmi:Extension extender="http://www.eclipse.org/emf/2002/Ecore">
          <eAnnotations xmi:id="_-YvtwLCsEDySHos9ZeTOqg0" source="genmymodel">
            <details xmi:id="_-YvtwLCsEDySHos9ZeTOqg00" key="uuid" value="_-YvtwLCsEDySHos9ZeTOqg"/>
          </eAnnotations>
        </xmi:Extension>
      </ownedLiteral>
      <ownedLiteral xmi:id="_-dcAgLCsEDySHos9ZeTOqg" name="GERENTEGENERAL" enumeration="_81GmMLCrEDy4fKohTrmahA">
        <xmi:Extension extender="http://www.eclipse.org/emf/2002/Ecore">
          <eAnnotations xmi:id="_-dcAgLCsEDySHos9ZeTOqg0" source="genmymodel">
            <details xmi:id="_-dcAgLCsEDySHos9ZeTOqg00" key="uuid" value="_-dcAgLCsEDySHos9ZeTOqg"/>
          </eAnnotations>
        </xmi:Extension>
      </ownedLiteral>
    </packagedElement>
    <packagedElement xsi:type="uml:Enumeration" xmi:id="_TPGRkLCtEDySHos9ZeTOqg" name="TipoDocumento">
      <xmi:Extension extender="http://www.eclipse.org/emf/2002/Ecore">
        <eAnnotations xmi:id="_TPGRkLCtEDySHos9ZeTOqg0" source="genmymodel">
          <details xmi:id="_TPGRkLCtEDySHos9ZeTOqg00" key="uuid" value="_TPGRkLCtEDySHos9ZeTOqg"/>
        </eAnnotations>
      </xmi:Extension>
      <ownedLiteral xmi:id="_abEwELCtEDySHos9ZeTOqg" name="CC" enumeration="_TPGRkLCtEDySHos9ZeTOqg">
        <xmi:Extension extender="http://www.eclipse.org/emf/2002/Ecore">
          <eAnnotations xmi:id="_abEwELCtEDySHos9ZeTOqg0" source="genmymodel">
            <details xmi:id="_abEwELCtEDySHos9ZeTOqg00" key="uuid" value="_abEwELCtEDySHos9ZeTOqg"/>
          </eAnnotations>
        </xmi:Extension>
      </ownedLiteral>
      <ownedLiteral xmi:id="_a00FwLCtEDySHos9ZeTOqg" name="CE" enumeration="_TPGRkLCtEDySHos9ZeTOqg">
        <xmi:Extension extender="http://www.eclipse.org/emf/2002/Ecore">
          <eAnnotations xmi:id="_a00FwLCtEDySHos9ZeTOqg0" source="genmymodel">
            <details xmi:id="_a00FwLCtEDySHos9ZeTOqg00" key="uuid" value="_a00FwLCtEDySHos9ZeTOqg"/>
          </eAnnotations>
        </xmi:Extension>
      </ownedLiteral>
      <ownedLiteral xmi:id="_2MN7wLCtEDySHos9ZeTOqg" name="REGISTROCIVIL" enumeration="_TPGRkLCtEDySHos9ZeTOqg">
        <xmi:Extension extender="http://www.eclipse.org/emf/2002/Ecore">
          <eAnnotations xmi:id="_2MN7wLCtEDySHos9ZeTOqg0" source="genmymodel">
            <details xmi:id="_2MN7wLCtEDySHos9ZeTOqg00" key="uuid" value="_2MN7wLCtEDySHos9ZeTOqg"/>
          </eAnnotations>
        </xmi:Extension>
      </ownedLiteral>
      <ownedLiteral xmi:id="_4z-BILCtEDySHos9ZeTOqg" name="TI" enumeration="_TPGRkLCtEDySHos9ZeTOqg">
        <xmi:Extension extender="http://www.eclipse.org/emf/2002/Ecore">
          <eAnnotations xmi:id="_4z-BILCtEDySHos9ZeTOqg0" source="genmymodel">
            <details xmi:id="_4z-BILCtEDySHos9ZeTOqg00" key="uuid" value="_4z-BILCtEDySHos9ZeTOqg"/>
          </eAnnotations>
        </xmi:Extension>
      </ownedLiteral>
    </packagedElement>
    <packagedElement xsi:type="uml:Enumeration" xmi:id="_n4k3ALCtEDySHos9ZeTOqg" name="TipoCuenta">
      <xmi:Extension extender="http://www.eclipse.org/emf/2002/Ecore">
        <eAnnotations xmi:id="_n4k3ALCtEDySHos9ZeTOqg0" source="genmymodel">
          <details xmi:id="_n4k3ALCtEDySHos9ZeTOqg00" key="uuid" value="_n4k3ALCtEDySHos9ZeTOqg"/>
        </eAnnotations>
      </xmi:Extension>
      <ownedLiteral xmi:id="_pa1T8LCtEDySHos9ZeTOqg" name="AHORROS" enumeration="_n4k3ALCtEDySHos9ZeTOqg">
        <xmi:Extension extender="http://www.eclipse.org/emf/2002/Ecore">
          <eAnnotations xmi:id="_pa1T8LCtEDySHos9ZeTOqg0" source="genmymodel">
            <details xmi:id="_pa1T8LCtEDySHos9ZeTOqg00" key="uuid" value="_pa1T8LCtEDySHos9ZeTOqg"/>
          </eAnnotations>
        </xmi:Extension>
      </ownedLiteral>
      <ownedLiteral xmi:id="_pzN-wLCtEDySHos9ZeTOqg" name="CORRIENTE" enumeration="_n4k3ALCtEDySHos9ZeTOqg">
        <xmi:Extension extender="http://www.eclipse.org/emf/2002/Ecore">
          <eAnnotations xmi:id="_pzN-wLCtEDySHos9ZeTOqg0" source="genmymodel">
            <details xmi:id="_pzN-wLCtEDySHos9ZeTOqg00" key="uuid" value="_pzN-wLCtEDySHos9ZeTOqg"/>
          </eAnnotations>
        </xmi:Extension>
      </ownedLiteral>
      <ownedLiteral xmi:id="_p2euILCtEDySHos9ZeTOqg" name="AFC" enumeration="_n4k3ALCtEDySHos9ZeTOqg">
        <xmi:Extension extender="http://www.eclipse.org/emf/2002/Ecore">
          <eAnnotations xmi:id="_p2euILCtEDySHos9ZeTOqg0" source="genmymodel">
            <details xmi:id="_p2euILCtEDySHos9ZeTOqg00" key="uuid" value="_p2euILCtEDySHos9ZeTOqg"/>
          </eAnnotations>
        </xmi:Extension>
      </ownedLiteral>
    </packagedElement>
    <packagedElement xsi:type="uml:Enumeration" xmi:id="_7aVmcLCtEDySHos9ZeTOqg" name="EstadoCuenta">
      <xmi:Extension extender="http://www.eclipse.org/emf/2002/Ecore">
        <eAnnotations xmi:id="_7aVmcLCtEDySHos9ZeTOqg0" source="genmymodel">
          <details xmi:id="_7aVmcLCtEDySHos9ZeTOqg00" key="uuid" value="_7aVmcLCtEDySHos9ZeTOqg"/>
        </eAnnotations>
      </xmi:Extension>
      <ownedLiteral xmi:id="_9YII0LCtEDySHos9ZeTOqg" name="CERRADA" enumeration="_7aVmcLCtEDySHos9ZeTOqg">
        <xmi:Extension extender="http://www.eclipse.org/emf/2002/Ecore">
          <eAnnotations xmi:id="_9YII0LCtEDySHos9ZeTOqg0" source="genmymodel">
            <details xmi:id="_9YII0LCtEDySHos9ZeTOqg00" key="uuid" value="_9YII0LCtEDySHos9ZeTOqg"/>
          </eAnnotations>
        </xmi:Extension>
      </ownedLiteral>
      <ownedLiteral xmi:id="__RjIkLCtEDySHos9ZeTOqg" name="ACTIVA" enumeration="_7aVmcLCtEDySHos9ZeTOqg">
        <xmi:Extension extender="http://www.eclipse.org/emf/2002/Ecore">
          <eAnnotations xmi:id="__RjIkLCtEDySHos9ZeTOqg0" source="genmymodel">
            <details xmi:id="__RjIkLCtEDySHos9ZeTOqg00" key="uuid" value="__RjIkLCtEDySHos9ZeTOqg"/>
          </eAnnotations>
        </xmi:Extension>
      </ownedLiteral>
      <ownedLiteral xmi:id="__TUDILCtEDySHos9ZeTOqg" name="DESACTIVADA" enumeration="_7aVmcLCtEDySHos9ZeTOqg">
        <xmi:Extension extender="http://www.eclipse.org/emf/2002/Ecore">
          <eAnnotations xmi:id="__TUDILCtEDySHos9ZeTOqg0" source="genmymodel">
            <details xmi:id="__TUDILCtEDySHos9ZeTOqg00" key="uuid" value="__TUDILCtEDySHos9ZeTOqg"/>
          </eAnnotations>
        </xmi:Extension>
      </ownedLiteral>
    </packagedElement>
    <packagedElement xsi:type="uml:Enumeration" xmi:id="_HfW3gLCuEDySHos9ZeTOqg" name="EstadoPrestamo">
      <xmi:Extension extender="http://www.eclipse.org/emf/2002/Ecore">
        <eAnnotations xmi:id="_HfW3gLCuEDySHos9ZeTOqg0" source="genmymodel">
          <details xmi:id="_HfW3gLCuEDySHos9ZeTOqg00" key="uuid" value="_HfW3gLCuEDySHos9ZeTOqg"/>
        </eAnnotations>
      </xmi:Extension>
      <ownedLiteral xmi:id="_KDQ-sLCuEDySHos9ZeTOqg" name="SOLICITADO" enumeration="_HfW3gLCuEDySHos9ZeTOqg">
        <xmi:Extension extender="http://www.eclipse.org/emf/2002/Ecore">
          <eAnnotations xmi:id="_KDQ-sLCuEDySHos9ZeTOqg0" source="genmymodel">
            <details xmi:id="_KDQ-sLCuEDySHos9ZeTOqg00" key="uuid" value="_KDQ-sLCuEDySHos9ZeTOqg"/>
          </eAnnotations>
        </xmi:Extension>
      </ownedLiteral>
      <ownedLiteral xmi:id="_KpJS8LCuEDySHos9ZeTOqg" name="APROBADO" enumeration="_HfW3gLCuEDySHos9ZeTOqg">
        <xmi:Extension extender="http://www.eclipse.org/emf/2002/Ecore">
          <eAnnotations xmi:id="_KpJS8LCuEDySHos9ZeTOqg0" source="genmymodel">
            <details xmi:id="_KpJS8LCuEDySHos9ZeTOqg00" key="uuid" value="_KpJS8LCuEDySHos9ZeTOqg"/>
          </eAnnotations>
        </xmi:Extension>
      </ownedLiteral>
      <ownedLiteral xmi:id="_KuiwULCuEDySHos9ZeTOqg" name="RECHAZADO" enumeration="_HfW3gLCuEDySHos9ZeTOqg">
        <xmi:Extension extender="http://www.eclipse.org/emf/2002/Ecore">
          <eAnnotations xmi:id="_KuiwULCuEDySHos9ZeTOqg0" source="genmymodel">
            <details xmi:id="_KuiwULCuEDySHos9ZeTOqg00" key="uuid" value="_KuiwULCuEDySHos9ZeTOqg"/>
          </eAnnotations>
        </xmi:Extension>
      </ownedLiteral>
      <ownedLiteral xmi:id="_KyomILCuEDySHos9ZeTOqg" name="PAGADO" enumeration="_HfW3gLCuEDySHos9ZeTOqg">
        <xmi:Extension extender="http://www.eclipse.org/emf/2002/Ecore">
          <eAnnotations xmi:id="_KyomILCuEDySHos9ZeTOqg0" source="genmymodel">
            <details xmi:id="_KyomILCuEDySHos9ZeTOqg00" key="uuid" value="_KyomILCuEDySHos9ZeTOqg"/>
          </eAnnotations>
        </xmi:Extension>
      </ownedLiteral>
      <ownedLiteral xmi:id="_K2MQcLCuEDySHos9ZeTOqg" name="CERRADO" enumeration="_HfW3gLCuEDySHos9ZeTOqg">
        <xmi:Extension extender="http://www.eclipse.org/emf/2002/Ecore">
          <eAnnotations xmi:id="_K2MQcLCuEDySHos9ZeTOqg0" source="genmymodel">
            <details xmi:id="_K2MQcLCuEDySHos9ZeTOqg00" key="uuid" value="_K2MQcLCuEDySHos9ZeTOqg"/>
          </eAnnotations>
        </xmi:Extension>
      </ownedLiteral>
    </packagedElement>
    <packagedElement xsi:type="uml:Enumeration" xmi:id="_OpnewLCuEDySHos9ZeTOqg" name="TipoPrestamo">
      <xmi:Extension extender="http://www.eclipse.org/emf/2002/Ecore">
        <eAnnotations xmi:id="_OpnewLCuEDySHos9ZeTOqg0" source="genmymodel">
          <details xmi:id="_OpnewLCuEDySHos9ZeTOqg00" key="uuid" value="_OpnewLCuEDySHos9ZeTOqg"/>
        </eAnnotations>
      </xmi:Extension>
      <ownedLiteral xmi:id="_QPpocLCuEDySHos9ZeTOqg" name="VIVIENDA" enumeration="_OpnewLCuEDySHos9ZeTOqg">
        <xmi:Extension extender="http://www.eclipse.org/emf/2002/Ecore">
          <eAnnotations xmi:id="_QPpocLCuEDySHos9ZeTOqg0" source="genmymodel">
            <details xmi:id="_QPpocLCuEDySHos9ZeTOqg00" key="uuid" value="_QPpocLCuEDySHos9ZeTOqg"/>
          </eAnnotations>
        </xmi:Extension>
      </ownedLiteral>
      <ownedLiteral xmi:id="_Qifr8LCuEDySHos9ZeTOqg" name="ESTUDIO" enumeration="_OpnewLCuEDySHos9ZeTOqg">
        <xmi:Extension extender="http://www.eclipse.org/emf/2002/Ecore">
          <eAnnotations xmi:id="_Qifr8LCuEDySHos9ZeTOqg0" source="genmymodel">
            <details xmi:id="_Qifr8LCuEDySHos9ZeTOqg00" key="uuid" value="_Qifr8LCuEDySHos9ZeTOqg"/>
          </eAnnotations>
        </xmi:Extension>
      </ownedLiteral>
      <ownedLiteral xmi:id="_QmHAoLCuEDySHos9ZeTOqg" name="AUTOMOVIL" enumeration="_OpnewLCuEDySHos9ZeTOqg">
        <xmi:Extension extender="http://www.eclipse.org/emf/2002/Ecore">
          <eAnnotations xmi:id="_QmHAoLCuEDySHos9ZeTOqg0" source="genmymodel">
            <details xmi:id="_QmHAoLCuEDySHos9ZeTOqg00" key="uuid" value="_QmHAoLCuEDySHos9ZeTOqg"/>
          </eAnnotations>
        </xmi:Extension>
      </ownedLiteral>
      <ownedLiteral xmi:id="_QohbcLCuEDySHos9ZeTOqg" name="LIBREINVERSION" enumeration="_OpnewLCuEDySHos9ZeTOqg">
        <xmi:Extension extender="http://www.eclipse.org/emf/2002/Ecore">
          <eAnnotations xmi:id="_QohbcLCuEDySHos9ZeTOqg0" source="genmymodel">
            <details xmi:id="_QohbcLCuEDySHos9ZeTOqg00" key="uuid" value="_QohbcLCuEDySHos9ZeTOqg"/>
          </eAnnotations>
        </xmi:Extension>
      </ownedLiteral>
    </packagedElement>
    <packagedElement xsi:type="uml:Enumeration" xmi:id="_Y27nULCuEDySHos9ZeTOqg" name="TipoOperacion">
      <xmi:Extension extender="http://www.eclipse.org/emf/2002/Ecore">
        <eAnnotations xmi:id="_Y27nULCuEDySHos9ZeTOqg0" source="genmymodel">
          <details xmi:id="_Y27nULCuEDySHos9ZeTOqg00" key="uuid" value="_Y27nULCuEDySHos9ZeTOqg"/>
        </eAnnotations>
      </xmi:Extension>
      <ownedLiteral xmi:id="_rfAVsLCuEDySHos9ZeTOqg" name="CONSIGNAR" enumeration="_Y27nULCuEDySHos9ZeTOqg">
        <xmi:Extension extender="http://www.eclipse.org/emf/2002/Ecore">
          <eAnnotations xmi:id="_rfAVsLCuEDySHos9ZeTOqg0" source="genmymodel">
            <details xmi:id="_rfAVsLCuEDySHos9ZeTOqg00" key="uuid" value="_rfAVsLCuEDySHos9ZeTOqg"/>
          </eAnnotations>
        </xmi:Extension>
      </ownedLiteral>
      <ownedLiteral xmi:id="_r-mbwLCuEDySHos9ZeTOqg" name="RETIRAR" enumeration="_Y27nULCuEDySHos9ZeTOqg">
        <xmi:Extension extender="http://www.eclipse.org/emf/2002/Ecore">
          <eAnnotations xmi:id="_r-mbwLCuEDySHos9ZeTOqg0" source="genmymodel">
            <details xmi:id="_r-mbwLCuEDySHos9ZeTOqg00" key="uuid" value="_r-mbwLCuEDySHos9ZeTOqg"/>
          </eAnnotations>
        </xmi:Extension>
      </ownedLiteral>
      <ownedLiteral xmi:id="_sAocELCuEDySHos9ZeTOqg" name="TRANSFERIR" enumeration="_Y27nULCuEDySHos9ZeTOqg">
        <xmi:Extension extender="http://www.eclipse.org/emf/2002/Ecore">
          <eAnnotations xmi:id="_sAocELCuEDySHos9ZeTOqg0" source="genmymodel">
            <details xmi:id="_sAocELCuEDySHos9ZeTOqg00" key="uuid" value="_sAocELCuEDySHos9ZeTOqg"/>
          </eAnnotations>
        </xmi:Extension>
      </ownedLiteral>
    </packagedElement>
    <packagedElement xsi:type="uml:Association" xmi:id="_Sb8O8LCwEDye-8cdKelcrw" name="Usuario_Transaccion" memberEnd="_Sc208LCwEDye-8cdKelcrw _Sc3cArCwEDye-8cdKelcrw" navigableOwnedEnd="_Sc208LCwEDye-8cdKelcrw _Sc3cArCwEDye-8cdKelcrw">
      <xmi:Extension extender="http://www.eclipse.org/emf/2002/Ecore">
        <eAnnotations xmi:id="_Sb8O8LCwEDye-8cdKelcrw0" source="genmymodel">
          <details xmi:id="_Sb8O8LCwEDye-8cdKelcrw00" key="uuid" value="_Sb8O8LCwEDye-8cdKelcrw"/>
        </eAnnotations>
      </xmi:Extension>
      <ownedEnd xmi:id="_Sc208LCwEDye-8cdKelcrw" name="cliente" type="_5drdsK8GEDyI5ut9WY5w5g" owningAssociation="_Sb8O8LCwEDye-8cdKelcrw" association="_Sb8O8LCwEDye-8cdKelcrw">
        <xmi:Extension extender="http://www.eclipse.org/emf/2002/Ecore">
          <eAnnotations xmi:id="_Sc208LCwEDye-8cdKelcrw0" source="genmymodel">
            <details xmi:id="_Sc208LCwEDye-8cdKelcrw00" key="uuid" value="_Sc208LCwEDye-8cdKelcrw"/>
          </eAnnotations>
        </xmi:Extension>
        <lowerValue xsi:type="uml:LiteralInteger" xmi:id="_Sc3cALCwEDye-8cdKelcrw" value="1">
          <xmi:Extension extender="http://www.eclipse.org/emf/2002/Ecore">
            <eAnnotations xmi:id="_Sc3cALCwEDye-8cdKelcrw0" source="genmymodel">
              <details xmi:id="_Sc3cALCwEDye-8cdKelcrw00" key="uuid" value="_Sc3cALCwEDye-8cdKelcrw"/>
            </eAnnotations>
          </xmi:Extension>
        </lowerValue>
        <upperValue xsi:type="uml:LiteralUnlimitedNatural" xmi:id="_YEGxULCwEDye-8cdKelcrw" value="1">
          <xmi:Extension extender="http://www.eclipse.org/emf/2002/Ecore">
            <eAnnotations xmi:id="_YEGxULCwEDye-8cdKelcrw0" source="genmymodel">
              <details xmi:id="_YEGxULCwEDye-8cdKelcrw00" key="uuid" value="_YEGxULCwEDye-8cdKelcrw"/>
            </eAnnotations>
          </xmi:Extension>
        </upperValue>
      </ownedEnd>
      <ownedEnd xmi:id="_Sc3cArCwEDye-8cdKelcrw" name="transaccion" type="_t-3h0LCXEDyhQpn8eaiPbA" owningAssociation="_Sb8O8LCwEDye-8cdKelcrw" association="_Sb8O8LCwEDye-8cdKelcrw">
        <xmi:Extension extender="http://www.eclipse.org/emf/2002/Ecore">
          <eAnnotations xmi:id="_Sc3cArCwEDye-8cdKelcrw0" source="genmymodel">
            <details xmi:id="_Sc3cArCwEDye-8cdKelcrw00" key="uuid" value="_Sc3cArCwEDye-8cdKelcrw"/>
          </eAnnotations>
        </xmi:Extension>
        <lowerValue xsi:type="uml:LiteralInteger" xmi:id="_Sc4DELCwEDye-8cdKelcrw">
          <xmi:Extension extender="http://www.eclipse.org/emf/2002/Ecore">
            <eAnnotations xmi:id="_Sc4DELCwEDye-8cdKelcrw0" source="genmymodel">
              <details xmi:id="_Sc4DELCwEDye-8cdKelcrw00" key="uuid" value="_Sc4DELCwEDye-8cdKelcrw"/>
            </eAnnotations>
          </xmi:Extension>
        </lowerValue>
        <upperValue xsi:type="uml:LiteralUnlimitedNatural" xmi:id="_Yqh4ILCwEDye-8cdKelcrw" value="*">
          <xmi:Extension extender="http://www.eclipse.org/emf/2002/Ecore">
            <eAnnotations xmi:id="_Yqh4ILCwEDye-8cdKelcrw0" source="genmymodel">
              <details xmi:id="_Yqh4ILCwEDye-8cdKelcrw00" key="uuid" value="_Yqh4ILCwEDye-8cdKelcrw"/>
            </eAnnotations>
          </xmi:Extension>
        </upperValue>
      </ownedEnd>
    </packagedElement>
    <packagedElement xsi:type="uml:Association" xmi:id="_TN6ecLCwEDye-8cdKelcrw" name="Transaccion_PuntosDeAtencion" memberEnd="_TOjXoLCwEDye-8cdKelcrw _TOj-srCwEDye-8cdKelcrw" navigableOwnedEnd="_TOjXoLCwEDye-8cdKelcrw _TOj-srCwEDye-8cdKelcrw">
      <xmi:Extension extender="http://www.eclipse.org/emf/2002/Ecore">
        <eAnnotations xmi:id="_TN6ecLCwEDye-8cdKelcrw0" source="genmymodel">
          <details xmi:id="_TN6ecLCwEDye-8cdKelcrw00" key="uuid" value="_TN6ecLCwEDye-8cdKelcrw"/>
        </eAnnotations>
      </xmi:Extension>
      <ownedEnd xmi:id="_TOjXoLCwEDye-8cdKelcrw" name="transaccion" type="_t-3h0LCXEDyhQpn8eaiPbA" owningAssociation="_TN6ecLCwEDye-8cdKelcrw" association="_TN6ecLCwEDye-8cdKelcrw">
        <xmi:Extension extender="http://www.eclipse.org/emf/2002/Ecore">
          <eAnnotations xmi:id="_TOjXoLCwEDye-8cdKelcrw0" source="genmymodel">
            <details xmi:id="_TOjXoLCwEDye-8cdKelcrw00" key="uuid" value="_TOjXoLCwEDye-8cdKelcrw"/>
          </eAnnotations>
        </xmi:Extension>
        <lowerValue xsi:type="uml:LiteralInteger" xmi:id="_TOj-sLCwEDye-8cdKelcrw">
          <xmi:Extension extender="http://www.eclipse.org/emf/2002/Ecore">
            <eAnnotations xmi:id="_TOj-sLCwEDye-8cdKelcrw0" source="genmymodel">
              <details xmi:id="_TOj-sLCwEDye-8cdKelcrw00" key="uuid" value="_TOj-sLCwEDye-8cdKelcrw"/>
            </eAnnotations>
          </xmi:Extension>
        </lowerValue>
        <upperValue xsi:type="uml:LiteralUnlimitedNatural" xmi:id="_iP_WgLCwEDye-8cdKelcrw" value="*">
          <xmi:Extension extender="http://www.eclipse.org/emf/2002/Ecore">
            <eAnnotations xmi:id="_iP_WgLCwEDye-8cdKelcrw0" source="genmymodel">
              <details xmi:id="_iP_WgLCwEDye-8cdKelcrw00" key="uuid" value="_iP_WgLCwEDye-8cdKelcrw"/>
            </eAnnotations>
          </xmi:Extension>
        </upperValue>
      </ownedEnd>
      <ownedEnd xmi:id="_TOj-srCwEDye-8cdKelcrw" name="puntosDeAtencion" type="_Fkbd4LCYEDyhQpn8eaiPbA" owningAssociation="_TN6ecLCwEDye-8cdKelcrw" association="_TN6ecLCwEDye-8cdKelcrw">
        <xmi:Extension extender="http://www.eclipse.org/emf/2002/Ecore">
          <eAnnotations xmi:id="_TOj-srCwEDye-8cdKelcrw0" source="genmymodel">
            <details xmi:id="_TOj-srCwEDye-8cdKelcrw00" key="uuid" value="_TOj-srCwEDye-8cdKelcrw"/>
          </eAnnotations>
        </xmi:Extension>
        <lowerValue xsi:type="uml:LiteralInteger" xmi:id="_TOklwLCwEDye-8cdKelcrw" value="1">
          <xmi:Extension extender="http://www.eclipse.org/emf/2002/Ecore">
            <eAnnotations xmi:id="_TOklwLCwEDye-8cdKelcrw0" source="genmymodel">
              <details xmi:id="_TOklwLCwEDye-8cdKelcrw00" key="uuid" value="_TOklwLCwEDye-8cdKelcrw"/>
            </eAnnotations>
          </xmi:Extension>
        </lowerValue>
        <upperValue xsi:type="uml:LiteralUnlimitedNatural" xmi:id="_hj8I0LCwEDye-8cdKelcrw" value="1">
          <xmi:Extension extender="http://www.eclipse.org/emf/2002/Ecore">
            <eAnnotations xmi:id="_hj8I0LCwEDye-8cdKelcrw0" source="genmymodel">
              <details xmi:id="_hj8I0LCwEDye-8cdKelcrw00" key="uuid" value="_hj8I0LCwEDye-8cdKelcrw"/>
            </eAnnotations>
          </xmi:Extension>
        </upperValue>
      </ownedEnd>
    </packagedElement>
    <packagedElement xsi:type="uml:Association" xmi:id="_nA5gwLCwEDye-8cdKelcrw" name="Usuario_Transaccion2" memberEnd="_nBqVwLCwEDye-8cdKelcrw _nBq80rCwEDye-8cdKelcrw" navigableOwnedEnd="_nBqVwLCwEDye-8cdKelcrw _nBq80rCwEDye-8cdKelcrw">
      <xmi:Extension extender="http://www.eclipse.org/emf/2002/Ecore">
        <eAnnotations xmi:id="_nA5gwLCwEDye-8cdKelcrw0" source="genmymodel">
          <details xmi:id="_nA5gwLCwEDye-8cdKelcrw00" key="uuid" value="_nA5gwLCwEDye-8cdKelcrw"/>
        </eAnnotations>
      </xmi:Extension>
      <ownedEnd xmi:id="_nBqVwLCwEDye-8cdKelcrw" name="usuario" type="_5drdsK8GEDyI5ut9WY5w5g" owningAssociation="_nA5gwLCwEDye-8cdKelcrw" association="_nA5gwLCwEDye-8cdKelcrw">
        <xmi:Extension extender="http://www.eclipse.org/emf/2002/Ecore">
          <eAnnotations xmi:id="_nBqVwLCwEDye-8cdKelcrw0" source="genmymodel">
            <details xmi:id="_nBqVwLCwEDye-8cdKelcrw00" key="uuid" value="_nBqVwLCwEDye-8cdKelcrw"/>
          </eAnnotations>
        </xmi:Extension>
        <lowerValue xsi:type="uml:LiteralInteger" xmi:id="_nBq80LCwEDye-8cdKelcrw" value="1">
          <xmi:Extension extender="http://www.eclipse.org/emf/2002/Ecore">
            <eAnnotations xmi:id="_nBq80LCwEDye-8cdKelcrw0" source="genmymodel">
              <details xmi:id="_nBq80LCwEDye-8cdKelcrw00" key="uuid" value="_nBq80LCwEDye-8cdKelcrw"/>
            </eAnnotations>
          </xmi:Extension>
        </lowerValue>
        <upperValue xsi:type="uml:LiteralUnlimitedNatural" xmi:id="_0A_6ALCwEDye-8cdKelcrw" value="*">
          <xmi:Extension extender="http://www.eclipse.org/emf/2002/Ecore">
            <eAnnotations xmi:id="_0A_6ALCwEDye-8cdKelcrw0" source="genmymodel">
              <details xmi:id="_0A_6ALCwEDye-8cdKelcrw00" key="uuid" value="_0A_6ALCwEDye-8cdKelcrw"/>
            </eAnnotations>
          </xmi:Extension>
        </upperValue>
      </ownedEnd>
      <ownedEnd xmi:id="_nBq80rCwEDye-8cdKelcrw" name="transaccion" type="_t-3h0LCXEDyhQpn8eaiPbA" owningAssociation="_nA5gwLCwEDye-8cdKelcrw" association="_nA5gwLCwEDye-8cdKelcrw">
        <xmi:Extension extender="http://www.eclipse.org/emf/2002/Ecore">
          <eAnnotations xmi:id="_nBq80rCwEDye-8cdKelcrw0" source="genmymodel">
            <details xmi:id="_nBq80rCwEDye-8cdKelcrw00" key="uuid" value="_nBq80rCwEDye-8cdKelcrw"/>
          </eAnnotations>
        </xmi:Extension>
        <lowerValue xsi:type="uml:LiteralInteger" xmi:id="_nBq807CwEDye-8cdKelcrw">
          <xmi:Extension extender="http://www.eclipse.org/emf/2002/Ecore">
            <eAnnotations xmi:id="_nBq807CwEDye-8cdKelcrw0" source="genmymodel">
              <details xmi:id="_nBq807CwEDye-8cdKelcrw00" key="uuid" value="_nBq807CwEDye-8cdKelcrw"/>
            </eAnnotations>
          </xmi:Extension>
        </lowerValue>
        <upperValue xsi:type="uml:LiteralUnlimitedNatural" xmi:id="_0vZRELCwEDye-8cdKelcrw" value="*">
          <xmi:Extension extender="http://www.eclipse.org/emf/2002/Ecore">
            <eAnnotations xmi:id="_0vZRELCwEDye-8cdKelcrw0" source="genmymodel">
              <details xmi:id="_0vZRELCwEDye-8cdKelcrw00" key="uuid" value="_0vZRELCwEDye-8cdKelcrw"/>
            </eAnnotations>
          </xmi:Extension>
        </upperValue>
      </ownedEnd>
    </packagedElement>
    <packagedElement xsi:type="uml:Association" xmi:id="_GBiuULCxEDye-8cdKelcrw" name="Prestamo_Transaccion" memberEnd="_GCOq0LCxEDye-8cdKelcrw _GCOq07CxEDye-8cdKelcrw" navigableOwnedEnd="_GCOq0LCxEDye-8cdKelcrw _GCOq07CxEDye-8cdKelcrw">
      <xmi:Extension extender="http://www.eclipse.org/emf/2002/Ecore">
        <eAnnotations xmi:id="_GBiuULCxEDye-8cdKelcrw0" source="genmymodel">
          <details xmi:id="_GBiuULCxEDye-8cdKelcrw00" key="uuid" value="_GBiuULCxEDye-8cdKelcrw"/>
        </eAnnotations>
      </xmi:Extension>
      <ownedEnd xmi:id="_GCOq0LCxEDye-8cdKelcrw" name="prestamo" type="_sPnkIK8KEDyI5ut9WY5w5g" owningAssociation="_GBiuULCxEDye-8cdKelcrw" association="_GBiuULCxEDye-8cdKelcrw">
        <xmi:Extension extender="http://www.eclipse.org/emf/2002/Ecore">
          <eAnnotations xmi:id="_GCOq0LCxEDye-8cdKelcrw0" source="genmymodel">
            <details xmi:id="_GCOq0LCxEDye-8cdKelcrw00" key="uuid" value="_GCOq0LCxEDye-8cdKelcrw"/>
          </eAnnotations>
        </xmi:Extension>
        <lowerValue xsi:type="uml:LiteralInteger" xmi:id="_GCOq0bCxEDye-8cdKelcrw">
          <xmi:Extension extender="http://www.eclipse.org/emf/2002/Ecore">
            <eAnnotations xmi:id="_GCOq0bCxEDye-8cdKelcrw0" source="genmymodel">
              <details xmi:id="_GCOq0bCxEDye-8cdKelcrw00" key="uuid" value="_GCOq0bCxEDye-8cdKelcrw"/>
            </eAnnotations>
          </xmi:Extension>
        </lowerValue>
        <upperValue xsi:type="uml:LiteralUnlimitedNatural" xmi:id="_HS7dsLCxEDye-8cdKelcrw" value="1">
          <xmi:Extension extender="http://www.eclipse.org/emf/2002/Ecore">
            <eAnnotations xmi:id="_HS7dsLCxEDye-8cdKelcrw0" source="genmymodel">
              <details xmi:id="_HS7dsLCxEDye-8cdKelcrw00" key="uuid" value="_HS7dsLCxEDye-8cdKelcrw"/>
            </eAnnotations>
          </xmi:Extension>
        </upperValue>
      </ownedEnd>
      <ownedEnd xmi:id="_GCOq07CxEDye-8cdKelcrw" name="transaccion" type="_t-3h0LCXEDyhQpn8eaiPbA" owningAssociation="_GBiuULCxEDye-8cdKelcrw" association="_GBiuULCxEDye-8cdKelcrw">
        <xmi:Extension extender="http://www.eclipse.org/emf/2002/Ecore">
          <eAnnotations xmi:id="_GCOq07CxEDye-8cdKelcrw0" source="genmymodel">
            <details xmi:id="_GCOq07CxEDye-8cdKelcrw00" key="uuid" value="_GCOq07CxEDye-8cdKelcrw"/>
          </eAnnotations>
        </xmi:Extension>
        <lowerValue xsi:type="uml:LiteralInteger" xmi:id="_GCPR4LCxEDye-8cdKelcrw">
          <xmi:Extension extender="http://www.eclipse.org/emf/2002/Ecore">
            <eAnnotations xmi:id="_GCPR4LCxEDye-8cdKelcrw0" source="genmymodel">
              <details xmi:id="_GCPR4LCxEDye-8cdKelcrw00" key="uuid" value="_GCPR4LCxEDye-8cdKelcrw"/>
            </eAnnotations>
          </xmi:Extension>
        </lowerValue>
        <upperValue xsi:type="uml:LiteralUnlimitedNatural" xmi:id="_I-0-0LCxEDye-8cdKelcrw" value="*">
          <xmi:Extension extender="http://www.eclipse.org/emf/2002/Ecore">
            <eAnnotations xmi:id="_I-0-0LCxEDye-8cdKelcrw0" source="genmymodel">
              <details xmi:id="_I-0-0LCxEDye-8cdKelcrw00" key="uuid" value="_I-0-0LCxEDye-8cdKelcrw"/>
            </eAnnotations>
          </xmi:Extension>
        </upperValue>
      </ownedEnd>
    </packagedElement>
    <packagedElement xsi:type="uml:Class" xmi:id="_pBaxkLCxEDye-8cdKelcrw" name="Cdt">
      <xmi:Extension extender="http://www.eclipse.org/emf/2002/Ecore">
        <eAnnotations xmi:id="_pBaxkLCxEDye-8cdKelcrw0" source="genmymodel">
          <details xmi:id="_pBaxkLCxEDye-8cdKelcrw00" key="uuid" value="_pBaxkLCxEDye-8cdKelcrw"/>
        </eAnnotations>
      </xmi:Extension>
      <ownedAttribute xmi:id="_pxDewLCxEDye-8cdKelcrw" name="idCdt" visibility="private">
        <xmi:Extension extender="http://www.eclipse.org/emf/2002/Ecore">
          <eAnnotations xmi:id="_pxDewLCxEDye-8cdKelcrw0" source="genmymodel">
            <details xmi:id="_pxDewLCxEDye-8cdKelcrw00" key="uuid" value="_pxDewLCxEDye-8cdKelcrw"/>
          </eAnnotations>
        </xmi:Extension>
        <type xsi:type="uml:PrimitiveType" href="http://www.omg.org/spec/UML/20131001/PrimitiveTypes.xmi#//Integer"/>
      </ownedAttribute>
      <ownedAttribute xmi:id="_r2vY4LCxEDye-8cdKelcrw" name="duracion" visibility="private">
        <xmi:Extension extender="http://www.eclipse.org/emf/2002/Ecore">
          <eAnnotations xmi:id="_r2vY4LCxEDye-8cdKelcrw0" source="genmymodel">
            <details xmi:id="_r2vY4LCxEDye-8cdKelcrw00" key="uuid" value="_r2vY4LCxEDye-8cdKelcrw"/>
          </eAnnotations>
        </xmi:Extension>
        <type xsi:type="uml:PrimitiveType" href="http://www.omg.org/spec/UML/20131001/PrimitiveTypes.xmi#//Integer"/>
      </ownedAttribute>
      <ownedAttribute xmi:id="_t0RckLCxEDye-8cdKelcrw" name="porcentaje" visibility="private" type="_GTDtUK8KEDyI5ut9WY5w5g">
        <xmi:Extension extender="http://www.eclipse.org/emf/2002/Ecore">
          <eAnnotations xmi:id="_t0RckLCxEDye-8cdKelcrw0" source="genmymodel">
            <details xmi:id="_t0RckLCxEDye-8cdKelcrw00" key="uuid" value="_t0RckLCxEDye-8cdKelcrw"/>
          </eAnnotations>
        </xmi:Extension>
      </ownedAttribute>
    </packagedElement>
    <packagedElement xsi:type="uml:Association" xmi:id="_5s1mALCxEDye-8cdKelcrw" name="Usuario_Cdt" memberEnd="_5tlM4LCxEDye-8cdKelcrw _5tlz8rCxEDye-8cdKelcrw" navigableOwnedEnd="_5tlM4LCxEDye-8cdKelcrw _5tlz8rCxEDye-8cdKelcrw">
      <xmi:Extension extender="http://www.eclipse.org/emf/2002/Ecore">
        <eAnnotations xmi:id="_5s1mALCxEDye-8cdKelcrw0" source="genmymodel">
          <details xmi:id="_5s1mALCxEDye-8cdKelcrw00" key="uuid" value="_5s1mALCxEDye-8cdKelcrw"/>
        </eAnnotations>
      </xmi:Extension>
      <ownedEnd xmi:id="_5tlM4LCxEDye-8cdKelcrw" name="usuario" type="_5drdsK8GEDyI5ut9WY5w5g" owningAssociation="_5s1mALCxEDye-8cdKelcrw" association="_5s1mALCxEDye-8cdKelcrw">
        <xmi:Extension extender="http://www.eclipse.org/emf/2002/Ecore">
          <eAnnotations xmi:id="_5tlM4LCxEDye-8cdKelcrw0" source="genmymodel">
            <details xmi:id="_5tlM4LCxEDye-8cdKelcrw00" key="uuid" value="_5tlM4LCxEDye-8cdKelcrw"/>
          </eAnnotations>
        </xmi:Extension>
        <lowerValue xsi:type="uml:LiteralInteger" xmi:id="_5tlz8LCxEDye-8cdKelcrw">
          <xmi:Extension extender="http://www.eclipse.org/emf/2002/Ecore">
            <eAnnotations xmi:id="_5tlz8LCxEDye-8cdKelcrw0" source="genmymodel">
              <details xmi:id="_5tlz8LCxEDye-8cdKelcrw00" key="uuid" value="_5tlz8LCxEDye-8cdKelcrw"/>
            </eAnnotations>
          </xmi:Extension>
        </lowerValue>
        <upperValue xsi:type="uml:LiteralInteger" xmi:id="_5tlz8bCxEDye-8cdKelcrw" value="1">
          <xmi:Extension extender="http://www.eclipse.org/emf/2002/Ecore">
            <eAnnotations xmi:id="_5tlz8bCxEDye-8cdKelcrw0" source="genmymodel">
              <details xmi:id="_5tlz8bCxEDye-8cdKelcrw00" key="uuid" value="_5tlz8bCxEDye-8cdKelcrw"/>
            </eAnnotations>
          </xmi:Extension>
        </upperValue>
      </ownedEnd>
      <ownedEnd xmi:id="_5tlz8rCxEDye-8cdKelcrw" name="cdt" type="_pBaxkLCxEDye-8cdKelcrw" owningAssociation="_5s1mALCxEDye-8cdKelcrw" association="_5s1mALCxEDye-8cdKelcrw">
        <xmi:Extension extender="http://www.eclipse.org/emf/2002/Ecore">
          <eAnnotations xmi:id="_5tlz8rCxEDye-8cdKelcrw0" source="genmymodel">
            <details xmi:id="_5tlz8rCxEDye-8cdKelcrw00" key="uuid" value="_5tlz8rCxEDye-8cdKelcrw"/>
          </eAnnotations>
        </xmi:Extension>
        <lowerValue xsi:type="uml:LiteralInteger" xmi:id="_5tlz87CxEDye-8cdKelcrw">
          <xmi:Extension extender="http://www.eclipse.org/emf/2002/Ecore">
            <eAnnotations xmi:id="_5tlz87CxEDye-8cdKelcrw0" source="genmymodel">
              <details xmi:id="_5tlz87CxEDye-8cdKelcrw00" key="uuid" value="_5tlz87CxEDye-8cdKelcrw"/>
            </eAnnotations>
          </xmi:Extension>
        </lowerValue>
        <upperValue xsi:type="uml:LiteralUnlimitedNatural" xmi:id="_BOFJ4LCyEDye-8cdKelcrw" value="*">
          <xmi:Extension extender="http://www.eclipse.org/emf/2002/Ecore">
            <eAnnotations xmi:id="_BOFJ4LCyEDye-8cdKelcrw0" source="genmymodel">
              <details xmi:id="_BOFJ4LCyEDye-8cdKelcrw00" key="uuid" value="_BOFJ4LCyEDye-8cdKelcrw"/>
            </eAnnotations>
          </xmi:Extension>
        </upperValue>
      </ownedEnd>
    </packagedElement>
    <packagedElement xsi:type="uml:Association" xmi:id="_9U_YcLCxEDye-8cdKelcrw" name="Cdt_Transaccion" memberEnd="_9ViyELCxEDye-8cdKelcrw _9ViyE7CxEDye-8cdKelcrw" navigableOwnedEnd="_9ViyELCxEDye-8cdKelcrw _9ViyE7CxEDye-8cdKelcrw">
      <xmi:Extension extender="http://www.eclipse.org/emf/2002/Ecore">
        <eAnnotations xmi:id="_9U_YcLCxEDye-8cdKelcrw0" source="genmymodel">
          <details xmi:id="_9U_YcLCxEDye-8cdKelcrw00" key="uuid" value="_9U_YcLCxEDye-8cdKelcrw"/>
        </eAnnotations>
      </xmi:Extension>
      <ownedEnd xmi:id="_9ViyELCxEDye-8cdKelcrw" name="cdt" type="_pBaxkLCxEDye-8cdKelcrw" owningAssociation="_9U_YcLCxEDye-8cdKelcrw" association="_9U_YcLCxEDye-8cdKelcrw">
        <xmi:Extension extender="http://www.eclipse.org/emf/2002/Ecore">
          <eAnnotations xmi:id="_9ViyELCxEDye-8cdKelcrw0" source="genmymodel">
            <details xmi:id="_9ViyELCxEDye-8cdKelcrw00" key="uuid" value="_9ViyELCxEDye-8cdKelcrw"/>
          </eAnnotations>
        </xmi:Extension>
        <lowerValue xsi:type="uml:LiteralInteger" xmi:id="_9ViyEbCxEDye-8cdKelcrw">
          <xmi:Extension extender="http://www.eclipse.org/emf/2002/Ecore">
            <eAnnotations xmi:id="_9ViyEbCxEDye-8cdKelcrw0" source="genmymodel">
              <details xmi:id="_9ViyEbCxEDye-8cdKelcrw00" key="uuid" value="_9ViyEbCxEDye-8cdKelcrw"/>
            </eAnnotations>
          </xmi:Extension>
        </lowerValue>
        <upperValue xsi:type="uml:LiteralUnlimitedNatural" xmi:id="_IzmJwLCyEDye-8cdKelcrw" value="1">
          <xmi:Extension extender="http://www.eclipse.org/emf/2002/Ecore">
            <eAnnotations xmi:id="_IzmJwLCyEDye-8cdKelcrw0" source="genmymodel">
              <details xmi:id="_IzmJwLCyEDye-8cdKelcrw00" key="uuid" value="_IzmJwLCyEDye-8cdKelcrw"/>
            </eAnnotations>
          </xmi:Extension>
        </upperValue>
      </ownedEnd>
      <ownedEnd xmi:id="_9ViyE7CxEDye-8cdKelcrw" name="transaccion" type="_t-3h0LCXEDyhQpn8eaiPbA" owningAssociation="_9U_YcLCxEDye-8cdKelcrw" association="_9U_YcLCxEDye-8cdKelcrw">
        <xmi:Extension extender="http://www.eclipse.org/emf/2002/Ecore">
          <eAnnotations xmi:id="_9ViyE7CxEDye-8cdKelcrw0" source="genmymodel">
            <details xmi:id="_9ViyE7CxEDye-8cdKelcrw00" key="uuid" value="_9ViyE7CxEDye-8cdKelcrw"/>
          </eAnnotations>
        </xmi:Extension>
        <lowerValue xsi:type="uml:LiteralInteger" xmi:id="_9ViyFLCxEDye-8cdKelcrw">
          <xmi:Extension extender="http://www.eclipse.org/emf/2002/Ecore">
            <eAnnotations xmi:id="_9ViyFLCxEDye-8cdKelcrw0" source="genmymodel">
              <details xmi:id="_9ViyFLCxEDye-8cdKelcrw00" key="uuid" value="_9ViyFLCxEDye-8cdKelcrw"/>
            </eAnnotations>
          </xmi:Extension>
        </lowerValue>
        <upperValue xsi:type="uml:LiteralUnlimitedNatural" xmi:id="_GPiRkLCyEDye-8cdKelcrw" value="*">
          <xmi:Extension extender="http://www.eclipse.org/emf/2002/Ecore">
            <eAnnotations xmi:id="_GPiRkLCyEDye-8cdKelcrw0" source="genmymodel">
              <details xmi:id="_GPiRkLCyEDye-8cdKelcrw00" key="uuid" value="_GPiRkLCyEDye-8cdKelcrw"/>
            </eAnnotations>
          </xmi:Extension>
        </upperValue>
      </ownedEnd>
    </packagedElement>
    <packagedElement xsi:type="uml:Association" xmi:id="_P2FVELCyEDye-8cdKelcrw" name="Cuenta_Transaccion" memberEnd="_P2x4oLCyEDye-8cdKelcrw _P2x4o7CyEDye-8cdKelcrw" navigableOwnedEnd="_P2x4oLCyEDye-8cdKelcrw _P2x4o7CyEDye-8cdKelcrw">
      <xmi:Extension extender="http://www.eclipse.org/emf/2002/Ecore">
        <eAnnotations xmi:id="_P2FVELCyEDye-8cdKelcrw0" source="genmymodel">
          <details xmi:id="_P2FVELCyEDye-8cdKelcrw00" key="uuid" value="_P2FVELCyEDye-8cdKelcrw"/>
        </eAnnotations>
      </xmi:Extension>
      <ownedEnd xmi:id="_P2x4oLCyEDye-8cdKelcrw" name="cuenta" type="_8Tl2kLCVEDyvOKqup-Hzyw" owningAssociation="_P2FVELCyEDye-8cdKelcrw" association="_P2FVELCyEDye-8cdKelcrw">
        <xmi:Extension extender="http://www.eclipse.org/emf/2002/Ecore">
          <eAnnotations xmi:id="_P2x4oLCyEDye-8cdKelcrw0" source="genmymodel">
            <details xmi:id="_P2x4oLCyEDye-8cdKelcrw00" key="uuid" value="_P2x4oLCyEDye-8cdKelcrw"/>
          </eAnnotations>
        </xmi:Extension>
        <lowerValue xsi:type="uml:LiteralInteger" xmi:id="_P2x4obCyEDye-8cdKelcrw" value="1">
          <xmi:Extension extender="http://www.eclipse.org/emf/2002/Ecore">
            <eAnnotations xmi:id="_P2x4obCyEDye-8cdKelcrw0" source="genmymodel">
              <details xmi:id="_P2x4obCyEDye-8cdKelcrw00" key="uuid" value="_P2x4obCyEDye-8cdKelcrw"/>
            </eAnnotations>
          </xmi:Extension>
        </lowerValue>
        <upperValue xsi:type="uml:LiteralUnlimitedNatural" xmi:id="_V6H7ILCyEDye-8cdKelcrw" value="*">
          <xmi:Extension extender="http://www.eclipse.org/emf/2002/Ecore">
            <eAnnotations xmi:id="_V6H7ILCyEDye-8cdKelcrw0" source="genmymodel">
              <details xmi:id="_V6H7ILCyEDye-8cdKelcrw00" key="uuid" value="_V6H7ILCyEDye-8cdKelcrw"/>
            </eAnnotations>
          </xmi:Extension>
        </upperValue>
      </ownedEnd>
      <ownedEnd xmi:id="_P2x4o7CyEDye-8cdKelcrw" name="transaccion" type="_t-3h0LCXEDyhQpn8eaiPbA" owningAssociation="_P2FVELCyEDye-8cdKelcrw" association="_P2FVELCyEDye-8cdKelcrw">
        <xmi:Extension extender="http://www.eclipse.org/emf/2002/Ecore">
          <eAnnotations xmi:id="_P2x4o7CyEDye-8cdKelcrw0" source="genmymodel">
            <details xmi:id="_P2x4o7CyEDye-8cdKelcrw00" key="uuid" value="_P2x4o7CyEDye-8cdKelcrw"/>
          </eAnnotations>
        </xmi:Extension>
        <lowerValue xsi:type="uml:LiteralInteger" xmi:id="_P2x4pLCyEDye-8cdKelcrw">
          <xmi:Extension extender="http://www.eclipse.org/emf/2002/Ecore">
            <eAnnotations xmi:id="_P2x4pLCyEDye-8cdKelcrw0" source="genmymodel">
              <details xmi:id="_P2x4pLCyEDye-8cdKelcrw00" key="uuid" value="_P2x4pLCyEDye-8cdKelcrw"/>
            </eAnnotations>
          </xmi:Extension>
        </lowerValue>
        <upperValue xsi:type="uml:LiteralUnlimitedNatural" xmi:id="_TNTIgLCyEDye-8cdKelcrw" value="*">
          <xmi:Extension extender="http://www.eclipse.org/emf/2002/Ecore">
            <eAnnotations xmi:id="_TNTIgLCyEDye-8cdKelcrw0" source="genmymodel">
              <details xmi:id="_TNTIgLCyEDye-8cdKelcrw00" key="uuid" value="_TNTIgLCyEDye-8cdKelcrw"/>
            </eAnnotations>
          </xmi:Extension>
        </upperValue>
      </ownedEnd>
    </packagedElement>
  </uml:Model>
</xmi:XMI>
